weight_kg,weight_lb_rounded_up,zone_A_usd,zone_B_usd,zone_C_usd,zone_D_usd,zone_E_usd,zone_F_usd,zone_G_usd,zone_H_usd,zone_I_usd,zone_J_usd,zone_K_usd,zone_L_usd,zone_M_usd,zone_N_usd
0.5,2.0,131.15,135.29,174.47,206.13,289.88,165.98,173.48,167.03,191.07,282.02,160.58,241.14,199.58,323.28
1.0,3.0,144.57,159.04,201.54,228.2,329.54,193.18,195.44,194.3,221.21,300.72,183.5,286.67,230.15,376.62
1.5,4.0,158.75,173.6,230.58,251.69,374.9,220.72,213.0,220.36,251.35,341.99,207.79,334.82,264.0,426.35
2.0,5.0,170.53,193.03,262.54,267.75,415.0,263.04,250.51,244.75,274.96,373.3,212.02,378.52,295.51,475.85
2.5,6.0,174.0,211.59,272.72,287.33,443.67,277.31,274.65,266.81,301.16,416.89,224.44,424.85,317.87,508.55
3.0,7.0,179.46,230.11,287.94,312.94,472.19,291.3,293.93,288.93,327.6,455.32,233.63,468.99,342.87,539.5
3.5,8.0,187.96,248.66,302.94,332.18,495.75,305.27,312.78,305.9,354.26,497.21,242.46,513.07,365.75,569.92
4.0,9.0,194.83,260.81,309.3,351.41,519.45,307.52,329.86,317.45,380.55,545.12,251.38,555.34,388.04,600.13
4.5,10.0,202.2,264.71,314.38,357.1,534.1,317.98,341.98,328.21,399.11,592.51,260.22,586.84,402.95,630.46
5.0,12.0,222.06,287.09,345.6,397.12,613.28,349.06,388.52,358.39,451.21,688.19,288.72,668.16,453.37,713.6
5.5,13.0,231.99,298.28,361.21,417.13,652.87,364.6,411.79,373.48,477.26,736.03,302.97,708.82,478.58,755.17
6.0,14.0,241.92,309.47,376.82,437.14,692.46,380.14,435.06,388.57,503.31,783.87,317.22,749.48,503.79,796.74
6.5,15.0,251.85,320.66,392.43,457.15,732.05,395.68,458.33,403.66,529.36,831.71,331.47,790.14,529.0,838.31
7.0,16.0,261.78,331.85,408.04,477.16,771.64,411.22,481.6,418.75,555.41,879.55,345.72,830.8,554.21,879.88
7.5,17.0,271.71,343.04,423.65,497.17,811.23,426.76,504.87,433.84,581.46,927.39,359.97,871.46,579.42,921.45
8.0,18.0,281.64,354.23,439.26,517.18,850.82,442.3,528.14,448.93,607.51,975.23,374.22,912.12,604.63,963.02
8.5,19.0,291.57,365.42,454.87,537.19,890.41,457.84,551.41,464.02,633.56,1023.07,388.47,952.78,629.84,1004.59
9.0,20.0,301.5,376.61,470.48,557.2,930.0,473.38,574.68,479.11,659.61,1070.91,402.72,993.44,655.05,1046.16
9.5,21.0,310.01,385.31,486.96,573.12,960.86,489.6,594.54,493.93,681.59,1100.54,414.83,1022.61,676.84,1080.93
10.0,23.0,327.03,402.71,519.92,604.96,1022.58,522.04,634.26,523.57,725.55,1159.8,439.05,1080.95,720.42,1150.47
10.5,24.0,335.54,411.41,536.4,620.88,1053.44,538.26,654.12,538.39,747.53,1189.43,451.16,1110.12,742.21,1185.24
11.0,25.0,344.05,420.11,552.88,636.8,1084.3,554.48,673.98,553.21,769.51,1219.06,463.27,1139.29,764.0,1220.01
11.5,26.0,352.56,428.81,569.36,652.72,1115.16,570.7,693.84,568.03,791.49,1248.69,475.38,1168.46,785.79,1254.78
12.0,27.0,361.07,437.51,585.84,668.64,1146.02,586.92,713.7,582.85,813.47,1278.32,487.49,1197.63,807.58,1289.55
12.5,28.0,369.58,446.21,602.32,684.56,1176.88,603.14,733.56,597.67,835.45,1307.95,499.6,1226.8,829.37,1324.32
13.0,29.0,378.09,454.91,618.8,700.48,1207.74,619.36,753.42,612.49,857.43,1337.58,511.71,1255.97,851.16,1359.09
13.5,30.0,386.6,463.61,635.28,716.4,1238.6,635.58,773.28,627.31,879.41,1367.21,523.82,1285.14,872.95,1393.86
14.0,31.0,395.11,472.31,651.76,732.32,1269.46,651.8,793.14,642.13,901.39,1396.84,535.93,1314.31,894.74,1428.63
14.5,32.0,403.62,481.01,668.24,748.24,1300.32,668.02,813.0,656.95,923.37,1426.47,548.04,1343.48,916.53,1463.4
15.0,34.0,420.64,498.41,701.2,780.08,1362.04,700.46,852.72,686.59,967.33,1485.73,572.26,1401.82,960.11,1532.94
15.5,35.0,429.15,507.11,717.68,796.0,1392.9,716.68,872.58,701.41,989.31,1515.36,584.37,1430.99,981.9,1567.71
16.0,36.0,437.66,515.81,734.16,811.92,1423.76,732.9,892.44,716.23,1011.29,1544.99,596.48,1460.16,1003.69,1602.48
16.5,37.0,446.17,524.51,750.64,827.84,1454.62,749.12,912.3,731.05,1033.27,1574.62,608.59,1489.33,1025.48,1637.25
17.0,38.0,454.68,533.21,767.12,843.76,1485.48,765.34,932.16,745.87,1055.25,1604.25,620.7,1518.5,1047.27,1672.02
17.5,39.0,463.19,541.91,783.6,859.68,1516.34,781.56,952.02,760.69,1077.23,1633.88,632.81,1547.67,1069.06,1706.79
18.0,40.0,471.7,550.61,800.08,875.6,1547.2,797.78,971.88,775.51,1099.21,1663.51,644.92,1576.84,1090.85,1741.56
18.5,41.0,480.21,559.31,816.56,891.52,1578.06,814.0,991.74,790.33,1121.19,1693.14,657.03,1606.01,1112.64,1776.33
19.0,42.0,488.72,568.01,833.04,907.44,1608.92,830.22,1011.6,805.15,1143.17,1722.77,669.14,1635.18,1134.43,1811.1
19.5,43.0,497.23,576.71,849.52,923.36,1639.78,846.44,1031.46,819.97,1165.15,1752.4,681.25,1664.35,1156.22,1845.87
20.0,45.0,514.25,594.11,882.48,955.2,1701.5,878.88,1071.18,849.61,1209.11,1811.66,705.47,1722.69,1199.8,1915.41
20.5,46.0,522.76,602.81,898.96,971.12,1732.36,895.1,1091.04,864.43,1231.09,1841.29,717.58,1751.86,1221.59,1950.18
21.0,47.0,531.27,611.51,915.44,987.04,1763.22,911.32,1110.9,879.25,1253.07,1870.92,729.69,1781.03,1243.38,1984.95
21.5,48.0,539.78,620.21,931.92,1002.96,1794.08,927.54,1130.76,894.07,1275.05,1900.55,741.8,1810.2,1265.17,2019.72
22.0,49.0,548.29,628.91,948.4,1018.88,1824.94,943.76,1150.62,908.89,1297.03,1930.18,753.91,1839.37,1286.96,2054.49
22.5,50.0,556.8,637.61,964.88,1034.8,1855.8,959.98,1170.48,923.71,1319.01,1959.81,766.02,1868.54,1308.75,2089.26
23.0,51.0,561.93,643.95,979.48,1051.74,1885.0,975.29,1190.6,939.23,1340.52,1996.01,781.68,1893.53,1329.55,2121.74
23.5,52.0,567.06,650.29,994.08,1068.68,1914.2,990.6,1210.72,954.75,1362.03,2032.21,797.34,1918.52,1350.35,2154.22
24.0,53.0,572.19,656.63,1008.68,1085.62,1943.4,1005.91,1230.84,970.27,1383.54,2068.41,813.0,1943.51,1371.15,2186.7
24.5,55.0,582.45,669.31,1037.88,1119.5,2001.8,1036.53,1271.08,1001.31,1426.56,2140.81,844.32,1993.49,1412.75,2251.66
25.0,56.0,587.58,675.65,1052.48,1136.44,2031.0,1051.84,1291.2,1016.83,1448.07,2177.01,859.98,2018.48,1433.55,2284.14
25.5,57.0,592.71,681.99,1067.08,1153.38,2060.2,1067.15,1311.32,1032.35,1469.58,2213.21,875.64,2043.47,1454.35,2316.62
26.0,58.0,597.84,688.33,1081.68,1170.32,2089.4,1082.46,1331.44,1047.87,1491.09,2249.41,891.3,2068.46,1475.15,2349.1
26.5,59.0,602.97,694.67,1096.28,1187.26,2118.6,1097.77,1351.56,1063.39,1512.6,2285.61,906.96,2093.45,1495.95,2381.58
27.0,60.0,608.1,701.01,1110.88,1204.2,2147.8,1113.08,1371.68,1078.91,1534.11,2321.81,922.62,2118.44,1516.75,2414.06
27.5,61.0,613.23,707.35,1125.48,1221.14,2177.0,1128.39,1391.8,1094.43,1555.62,2358.01,938.28,2143.43,1537.55,2446.54
28.0,62.0,618.36,713.69,1140.08,1238.08,2206.2,1143.7,1411.92,1109.95,1577.13,2394.21,953.94,2168.42,1558.35,2479.02
28.5,63.0,623.49,720.03,1154.68,1255.02,2235.4,1159.01,1432.04,1125.47,1598.64,2430.41,969.6,2193.41,1579.15,2511.5
29.0,64.0,628.62,726.37,1169.28,1271.96,2264.6,1174.32,1452.16,1140.99,1620.15,2466.61,985.26,2218.4,1599.95,2543.98
29.5,66.0,638.88,739.05,1198.48,1305.84,2323.0,1204.94,1492.4,1172.03,1663.17,2539.01,1016.58,2268.38,1641.55,2608.94
30.0,67.0,644.01,745.39,1213.08,1322.78,2352.2,1220.25,1512.52,1187.55,1684.68,2575.21,1032.24,2293.37,1662.35,2641.42
30.5,68.0,649.14,751.73,1227.68,1339.72,2381.4,1235.56,1532.64,1203.07,1706.19,2611.41,1047.9,2318.36,1683.15,2673.9
31.0,69.0,654.27,758.07,1242.28,1356.66,2410.6,1250.87,1552.76,1218.59,1727.7,2647.61,1063.56,2343.35,1703.95,2706.38
31.5,70.0,659.4,764.41,1256.88,1373.6,2439.8,1266.18,1572.88,1234.11,1749.21,2683.81,1079.22,2368.34,1724.75,2738.86
32.0,71.0,664.77,770.41,1271.96,1390.79,2471.0,1280.91,1589.2,1247.39,1769.52,2711.67,1095.33,2389.26,1745.61,2769.38
32.5,72.0,670.14,776.41,1287.04,1407.98,2502.2,1295.64,1605.52,1260.67,1789.83,2739.53,1111.44,2410.18,1766.47,2799.9
33.0,73.0,675.51,782.41,1302.12,1425.17,2533.4,1310.37,1621.84,1273.95,1810.14,2767.39,1127.55,2431.1,1787.33,2830.42
33.5,74.0,680.88,788.41,1317.2,1442.36,2564.6,1325.1,1638.16,1287.23,1830.45,2795.25,1143.66,2452.02,1808.19,2860.94
34.0,75.0,686.25,794.41,1332.28,1459.55,2595.8,1339.83,1654.48,1300.51,1850.76,2823.11,1159.77,2472.94,1829.05,2891.46
34.5,77.0,696.99,806.41,1362.44,1493.93,2658.2,1369.29,1687.12,1327.07,1891.38,2878.83,1191.99,2514.78,1870.77,2952.5
35.0,78.0,702.36,812.41,1377.52,1511.12,2689.4,1384.02,1703.44,1340.35,1911.69,2906.69,1208.1,2535.7,1891.63,2983.02
35.5,79.0,707.73,818.41,1392.6,1528.31,2720.6,1398.75,1719.76,1353.63,1932.0,2934.55,1224.21,2556.62,1912.49,3013.54
36.0,80.0,713.1,824.41,1407.68,1545.5,2751.8,1413.48,1736.08,1366.91,1952.31,2962.41,1240.32,2577.54,1933.35,3044.06
36.5,81.0,718.47,830.41,1422.76,1562.69,2783.0,1428.21,1752.4,1380.19,1972.62,2990.27,1256.43,2598.46,1954.21,3074.58
37.0,82.0,723.84,836.41,1437.84,1579.88,2814.2,1442.94,1768.72,1393.47,1992.93,3018.13,1272.54,2619.38,1975.07,3105.1
37.5,83.0,729.21,842.41,1452.92,1597.07,2845.4,1457.67,1785.04,1406.75,2013.24,3045.99,1288.65,2640.3,1995.93,3135.62
38.0,84.0,734.58,848.41,1468.0,1614.26,2876.6,1472.4,1801.36,1420.03,2033.55,3073.85,1304.76,2661.22,2016.79,3166.14
38.5,85.0,739.95,854.41,1483.08,1631.45,2907.8,1487.13,1817.68,1433.31,2053.86,3101.71,1320.87,2682.14,2037.65,3196.66
39.0,86.0,745.32,860.41,1498.16,1648.64,2939.0,1501.86,1834.0,1446.59,2074.17,3129.57,1336.98,2703.06,2058.51,3227.18
39.5,88.0,756.06,872.41,1528.32,1683.02,3001.4,1531.32,1866.64,1473.15,2114.79,3185.29,1369.2,2744.9,2100.23,3288.22
40.0,89.0,761.43,878.41,1543.4,1700.21,3032.6,1546.05,1882.96,1486.43,2135.1,3213.15,1385.31,2765.82,2121.09,3318.74
40.5,90.0,766.8,884.41,1558.48,1717.4,3063.8,1560.78,1899.28,1499.71,2155.41,3241.01,1401.42,2786.74,2141.95,3349.26
41.0,91.0,772.17,890.41,1573.56,1734.59,3095.0,1575.51,1915.6,1512.99,2175.72,3268.87,1417.53,2807.66,2162.81,3379.78
41.5,92.0,777.54,896.41,1588.64,1751.78,3126.2,1590.24,1931.92,1526.27,2196.03,3296.73,1433.64,2828.58,2183.67,3410.3
42.0,93.0,782.91,902.41,1603.72,1768.97,3157.4,1604.97,1948.24,1539.55,2216.34,3324.59,1449.75,2849.5,2204.53,3440.82
42.5,94.0,788.28,908.41,1618.8,1786.16,3188.6,1619.7,1964.56,1552.83,2236.65,3352.45,1465.86,2870.42,2225.39,3471.34
43.0,95.0,793.65,914.41,1633.88,1803.35,3219.8,1634.43,1980.88,1566.11,2256.96,3380.31,1481.97,2891.34,2246.25,3501.86
43.5,96.0,799.02,920.41,1648.96,1820.54,3251.0,1649.16,1997.2,1579.39,2277.27,3408.17,1498.08,2912.26,2267.11,3532.38
44.0,98.0,809.76,932.41,1679.12,1854.92,3313.4,1678.62,2029.84,1605.95,2317.89,3463.89,1530.3,2954.1,2308.83,3593.42
44.5,99.0,815.13,938.41,1694.2,1872.11,3344.6,1693.35,2046.16,1619.23,2338.2,3491.75,1546.41,2975.02,2329.69,3623.94
45.0,100.0,820.5,944.41,1709.28,1889.3,3375.8,1708.08,2062.48,1632.51,2358.51,3519.61,1562.52,2995.94,2350.55,3654.46
45.5,101.0,828.66,953.08,1725.61,1908.84,3410.11,1723.33,2083.68,1649.32,2382.58,3551.89,1578.85,3024.52,2375.48,3689.4
46.0,102.0,836.82,961.75,1741.94,1928.38,3444.42,1738.58,2104.88,1666.13,2406.65,3584.17,1595.18,3053.1,2400.41,3724.34
46.5,103.0,844.98,970.42,1758.27,1947.92,3478.73,1753.83,2126.08,1682.94,2430.72,3616.45,1611.51,3081.68,2425.34,3759.28
47.0,104.0,853.14,979.09,1774.6,1967.46,3513.04,1769.08,2147.28,1699.75,2454.79,3648.73,1627.84,3110.26,2450.27,3794.22
47.5,105.0,861.3,987.76,1790.93,1987.0,3547.35,1784.33,2168.48,1716.56,2478.86,3681.01,1644.17,3138.84,2475.2,3829.16
48.0,106.0,869.46,996.43,1807.26,2006.54,3581.66,1799.58,2189.68,1733.37,2502.93,3713.29,1660.5,3167.42,2500.13,3864.1
48.5,107.0,877.62,1005.1,1823.59,2026.08,3615.97,1814.83,2210.88,1750.18,2527.0,3745.57,1676.83,3196.0,2525.06,3899.04
49.0,109.0,893.94,1022.44,1856.25,2065.16,3684.59,1845.33,2253.28,1783.8,2575.14,3810.13,1709.49,3253.16,2574.92,3968.92
49.5,110.0,902.1,1031.11,1872.58,2084.7,3718.9,1860.58,2274.48,1800.61,2599.21,3842.41,1725.82,3281.74,2599.85,4003.86
50.0,111.0,910.26,1039.78,1888.91,2104.24,3753.21,1875.83,2295.68,1817.42,2623.28,3874.69,1742.15,3310.32,2624.78,4038.8
50.5,112.0,918.42,1048.45,1905.24,2123.78,3787.52,1891.08,2316.88,1834.23,2647.35,3906.97,1758.48,3338.9,2649.71,4073.74
51.0,113.0,926.58,1057.12,1921.57,2143.32,3821.83,1906.33,2338.08,1851.04,2671.42,3939.25,1774.81,3367.48,2674.64,4108.68
51.5,114.0,934.74,1065.79,1937.9,2162.86,3856.14,1921.58,2359.28,1867.85,2695.49,3971.53,1791.14,3396.06,2699.57,4143.62
52.0,115.0,942.9,1074.46,1954.23,2182.4,3890.45,1936.83,2380.48,1884.66,2719.56,4003.81,1807.47,3424.64,2724.5,4178.56
52.5,116.0,951.06,1083.13,1970.56,2201.94,3924.76,1952.08,2401.68,1901.47,2743.63,4036.09,1823.8,3453.22,2749.43,4213.5
53.0,117.0,959.22,1091.8,1986.89,2221.48,3959.07,1967.33,2422.88,1918.28,2767.7,4068.37,1840.13,3481.8,2774.36,4248.44
53.5,118.0,967.38,1100.47,2003.22,2241.02,3993.38,1982.58,2444.08,1935.09,2791.77,4100.65,1856.46,3510.38,2799.29,4283.38
54.0,120.0,983.7,1117.81,2035.88,2280.1,4062.0,2013.08,2486.48,1968.71,2839.91,4165.21,1889.12,3567.54,2849.15,4353.26
54.5,121.0,991.86,1126.48,2052.21,2299.64,4096.31,2028.33,2507.68,1985.52,2863.98,4197.49,1905.45,3596.12,2874.08,4388.2
55.0,122.0,1000.02,1135.15,2068.54,2319.18,4130.62,2043.58,2528.88,2002.33,2888.05,4229.77,1921.78,3624.7,2899.01,4423.14
55.5,123.0,1008.18,1143.82,2084.87,2338.72,4164.93,2058.83,2550.08,2019.14,2912.12,4262.05,1938.11,3653.28,2923.94,4458.08
56.0,124.0,1016.34,1152.49,2101.2,2358.26,4199.24,2074.08,2571.28,2035.95,2936.19,4294.33,1954.44,3681.86,2948.87,4493.02
56.5,125.0,1024.5,1161.16,2117.53,2377.8,4233.55,2089.33,2592.48,2052.76,2960.26,4326.61,1970.77,3710.44,2973.8,4527.96
57.0,126.0,1032.66,1169.83,2133.86,2397.34,4267.86,2104.58,2613.68,2069.57,2984.33,4358.89,1987.1,3739.02,2998.73,4562.9
57.5,127.0,1040.82,1178.5,2150.19,2416.88,4302.17,2119.83,2634.88,2086.38,3008.4,4391.17,2003.43,3767.6,3023.66,4597.84
58.0,128.0,1048.98,1187.17,2166.52,2436.42,4336.48,2135.08,2656.08,2103.19,3032.47,4423.45,2019.76,3796.18,3048.59,4632.78
58.5,129.0,1057.14,1195.84,2182.85,2455.96,4370.79,2150.33,2677.28,2120.0,3056.54,4455.73,2036.09,3824.76,3073.52,4667.72
59.0,131.0,1073.46,1213.18,2215.51,2495.04,4439.41,2180.83,2719.68,2153.62,3104.68,4520.29,2068.75,3881.92,3123.38,4737.6
59.5,132.0,1081.62,1221.85,2231.84,2514.58,4473.72,2196.08,2740.88,2170.43,3128.75,4552.57,2085.08,3910.5,3148.31,4772.54
60.0,133.0,1089.78,1230.52,2248.17,2534.12,4508.03,2211.33,2762.08,2187.24,3152.82,4584.85,2101.41,3939.08,3173.24,4807.48
60.5,134.0,1097.94,1239.19,2264.5,2553.66,4542.34,2226.58,2783.28,2204.05,3176.89,4617.13,2117.74,3967.66,3198.17,4842.42
61.0,135.0,1106.1,1247.86,2280.83,2573.2,4576.65,2241.83,2804.48,2220.86,3200.96,4649.41,2134.07,3996.24,3223.1,4877.36
61.5,136.0,1114.26,1256.53,2297.16,2592.74,4610.96,2257.08,2825.68,2237.67,3225.03,4681.69,2150.4,4024.82,3248.03,4912.3
62.0,137.0,1122.42,1265.2,2313.49,2612.28,4645.27,2272.33,2846.88,2254.48,3249.1,4713.97,2166.73,4053.4,3272.96,4947.24
62.5,138.0,1130.58,1273.87,2329.82,2631.82,4679.58,2287.58,2868.08,2271.29,3273.17,4746.25,2183.06,4081.98,3297.89,4982.18
63.0,139.0,1138.74,1282.54,2346.15,2651.36,4713.89,2302.83,2889.28,2288.1,3297.24,4778.53,2199.39,4110.56,3322.82,5017.12
63.5,140.0,1146.9,1291.21,2362.48,2670.9,4748.2,2318.08,2910.48,2304.91,3321.31,4810.81,2215.72,4139.14,3347.75,5052.06
64.0,142.0,1163.22,1308.55,2395.14,2709.98,4816.82,2348.58,2952.88,2338.53,3369.45,4875.37,2248.38,4196.3,3397.61,5121.94
64.5,143.0,1171.38,1317.22,2411.47,2729.52,4851.13,2363.83,2974.08,2355.34,3393.52,4907.65,2264.71,4224.88,3422.54,5156.88
65.0,144.0,1179.54,1325.89,2427.8,2749.06,4885.44,2379.08,2995.28,2372.15,3417.59,4939.93,2281.04,4253.46,3447.47,5191.82
65.5,145.0,1187.7,1334.56,2444.13,2768.6,4919.75,2394.33,3016.48,2388.96,3441.66,4972.21,2297.37,4282.04,3472.4,5226.76
66.0,146.0,1195.86,1343.23,2460.46,2788.14,4954.06,2409.58,3037.68,2405.77,3465.73,5004.49,2313.7,4310.62,3497.33,5261.7
66.5,147.0,1204.02,1351.9,2476.79,2807.68,4988.37,2424.83,3058.88,2422.58,3489.8,5036.77,2330.03,4339.2,3522.26,5296.64
67.0,148.0,1212.18,1360.57,2493.12,2827.22,5022.68,2440.08,3080.08,2439.39,3513.87,5069.05,2346.36,4367.78,3547.19,5331.58
67.5,149.0,1220.34,1369.24,2509.45,2846.76,5056.99,2455.33,3101.28,2456.2,3537.94,5101.33,2362.69,4396.36,3572.12,5366.52
68.0,150.0,1228.5,1377.91,2525.78,2866.3,5091.3,2470.58,3122.48,2473.01,3562.01,5133.61,2379.02,4424.94,3597.05,5401.46
68.5,152.0,1292.0,1714.56,2652.4,3041.52,5502.4,2593.12,3254.32,2664.56,3778.72,5484.16,2523.2,4570.64,3859.28,5848.96
69.0,153.0,1300.5,1725.84,2669.85,3061.53,5538.6,2610.18,3275.73,2682.09,3803.58,5520.24,2539.8,4600.71,3884.67,5887.44
69.5,154.0,1309.0,1737.12,2687.3,3081.54,5574.8,2627.24,3297.14,2699.62,3828.44,5556.32,2556.4,4630.78,3910.06,5925.92
70.0,155.0,1317.5,1748.4,2704.75,3101.55,5611.0,2644.3,3318.55,2717.15,3853.3,5592.4,2573.0,4660.85,3935.45,5964.4
70.5,156.0,1326.0,1759.68,2722.2,3121.56,5647.2,2661.36,3339.96,2734.68,3878.16,5628.48,2589.6,4690.92,3960.84,6002.88
71.0,157.0,1334.5,1770.96,2739.65,3141.57,5683.4,2678.42,3361.37,2752.21,3903.02,5664.56,2606.2,4720.99,3986.23,6041.36
71.5,158.0,1343.0,1782.24,2757.1,3161.58,5719.6,2695.48,3382.78,2769.74,3927.88,5700.64,2622.8,4751.06,4011.62,6079.84
72.0,159.0,1351.5,1793.52,2774.55,3181.59,5755.8,2712.54,3404.19,2787.27,3952.74,5736.72,2639.4,4781.13,4037.01,6118.32
72.5,160.0,1360.0,1804.8,2792.0,3201.6,5792.0,2729.6,3425.6,2804.8,3977.6,5772.8,2656.0,4811.2,4062.4,6156.8
73.0,161.0,1368.5,1816.08,2809.45,3221.61,5828.2,2746.66,3447.01,2822.33,4002.46,5808.88,2672.6,4841.27,4087.79,6195.28
73.5,163.0,1385.5,1838.64,2844.35,3261.63,5900.6,2780.78,3489.83,2857.39,4052.18,5881.04,2705.8,4901.41,4138.57,6272.24
74.0,164.0,1394.0,1849.92,2861.8,3281.64,5936.8,2797.84,3511.24,2874.92,4077.04,5917.12,2722.4,4931.48,4163.96,6310.72
74.5,165.0,1402.5,1861.2,2879.25,3301.65,5973.0,2814.9,3532.65,2892.45,4101.9,5953.2,2739.0,4961.55,4189.35,6349.2
75.0,166.0,1411.0,1872.48,2896.7,3321.66,6009.2,2831.96,3554.06,2909.98,4126.76,5989.28,2755.6,4991.62,4214.74,6387.68
75.5,167.0,1419.5,1883.76,2914.15,3341.67,6045.4,2849.02,3575.47,2927.51,4151.62,6025.36,2772.2,5021.69,4240.13,6426.16
76.0,168.0,1428.0,1895.04,2931.6,3361.68,6081.6,2866.08,3596.88,2945.04,4176.48,6061.44,2788.8,5051.76,4265.52,6464.64
76.5,169.0,1436.5,1906.32,2949.05,3381.69,6117.8,2883.14,3618.29,2962.57,4201.34,6097.52,2805.4,5081.83,4290.91,6503.12
77.0,170.0,1445.0,1917.6,2966.5,3401.7,6154.0,2900.2,3639.7,2980.1,4226.2,6133.6,2822.0,5111.9,4316.3,6541.6
77.5,171.0,1453.5,1928.88,2983.95,3421.71,6190.2,2917.26,3661.11,2997.63,4251.06,6169.68,2838.6,5141.97,4341.69,6580.08
78.0,172.0,1462.0,1940.16,3001.4,3441.72,6226.4,2934.32,3682.52,3015.16,4275.92,6205.76,2855.2,5172.04,4367.08,6618.56
78.5,174.0,1479.0,1962.72,3036.3,3481.74,6298.8,2968.44,3725.34,3050.22,4325.64,6277.92,2888.4,5232.18,4417.86,6695.52
79.0,175.0,1487.5,1974.0,3053.75,3501.75,6335.0,2985.5,3746.75,3067.75,4350.5,6314.0,2905.0,5262.25,4443.25,6734.0
79.5,176.0,1496.0,1985.28,3071.2,3521.76,6371.2,3002.56,3768.16,3085.28,4375.36,6350.08,2921.6,5292.32,4468.64,6772.48
80.0,177.0,1504.5,1996.56,3088.65,3541.77,6407.4,3019.62,3789.57,3102.81,4400.22,6386.16,2938.2,5322.39,4494.03,6810.96
80.5,178.0,1513.0,2007.84,3106.1,3561.78,6443.6,3036.68,3810.98,3120.34,4425.08,6422.24,2954.8,5352.46,4519.42,6849.44
81.0,179.0,1521.5,2019.12,3123.55,3581.79,6479.8,3053.74,3832.39,3137.87,4449.94,6458.32,2971.4,5382.53,4544.81,6887.92
81.5,180.0,1530.0,2030.4,3141.0,3601.8,6516.0,3070.8,3853.8,3155.4,4474.8,6494.4,2988.0,5412.6,4570.2,6926.4
82.0,181.0,1538.5,2041.68,3158.45,3621.81,6552.2,3087.86,3875.21,3172.93,4499.66,6530.48,3004.6,5442.67,4595.59,6964.88
82.5,182.0,1547.0,2052.96,3175.9,3641.82,6588.4,3104.92,3896.62,3190.46,4524.52,6566.56,3021.2,5472.74,4620.98,7003.36
83.0,183.0,1555.5,2064.24,3193.35,3661.83,6624.6,3121.98,3918.03,3207.99,4549.38,6602.64,3037.8,5502.81,4646.37,7041.84
83.5,185.0,1572.5,2086.8,3228.25,3701.85,6697.0,3156.1,3960.85,3243.05,4599.1,6674.8,3071.0,5562.95,4697.15,7118.8
84.0,186.0,1581.0,2098.08,3245.7,3721.86,6733.2,3173.16,3982.26,3260.58,4623.96,6710.88,3087.6,5593.02,4722.54,7157.28
84.5,187.0,1589.5,2109.36,3263.15,3741.87,6769.4,3190.22,4003.67,3278.11,4648.82,6746.96,3104.2,5623.09,4747.93,7195.76
85.0,188.0,1598.0,2120.64,3280.6,3761.88,6805.6,3207.28,4025.08,3295.64,4673.68,6783.04,3120.8,5653.16,4773.32,7234.24
85.5,189.0,1606.5,2131.92,3298.05,3781.89,6841.8,3224.34,4046.49,3313.17,4698.54,6819.12,3137.4,5683.23,4798.71,7272.72
86.0,190.0,1615.0,2143.2,3315.5,3801.9,6878.0,3241.4,4067.9,3330.7,4723.4,6855.2,3154.0,5713.3,4824.1,7311.2
86.5,191.0,1623.5,2154.48,3332.95,3821.91,6914.2,3258.46,4089.31,3348.23,4748.26,6891.28,3170.6,5743.37,4849.49,7349.68
87.0,192.0,1632.0,2165.76,3350.4,3841.92,6950.4,3275.52,4110.72,3365.76,4773.12,6927.36,3187.2,5773.44,4874.88,7388.16
87.5,193.0,1640.5,2177.04,3367.85,3861.93,6986.6,3292.58,4132.13,3383.29,4797.98,6963.44,3203.8,5803.51,4900.27,7426.64
88.0,195.0,1657.5,2199.6,3402.75,3901.95,7059.0,3326.7,4174.95,3418.35,4847.7,7035.6,3237.0,5863.65,4951.05,7503.6
88.5,196.0,1666.0,2210.88,3420.2,3921.96,7095.2,3343.76,4196.36,3435.88,4872.56,7071.68,3253.6,5893.72,4976.44,7542.08
89.0,197.0,1674.5,2222.16,3437.65,3941.97,7131.4,3360.82,4217.77,3453.41,4897.42,7107.76,3270.2,5923.79,5001.83,7580.56
89.5,198.0,1683.0,2233.44,3455.1,3961.98,7167.6,3377.88,4239.18,3470.94,4922.28,7143.84,3286.8,5953.86,5027.22,7619.04
90.0,199.0,1691.5,2244.72,3472.55,3981.99,7203.8,3394.94,4260.59,3488.47,4947.14,7179.92,3303.4,5983.93,5052.61,7657.52
90.5,200.0,1700.0,2256.0,3490.0,4002.0,7240.0,3412.0,4282.0,3506.0,4972.0,7216.0,3320.0,6014.0,5078.0,7696.0
91.0,201.0,1708.5,2267.28,3507.45,4022.01,7276.2,3429.06,4303.41,3523.53,4996.86,7252.08,3336.6,6044.07,5103.39,7734.48
91.5,202.0,1717.0,2278.56,3524.9,4042.02,7312.4,3446.12,4324.82,3541.06,5021.72,7288.16,3353.2,6074.14,5128.78,7772.96
92.0,203.0,1725.5,2289.84,3542.35,4062.03,7348.6,3463.18,4346.23,3558.59,5046.58,7324.24,3369.8,6104.21,5154.17,7811.44
92.5,204.0,1734.0,2301.12,3559.8,4082.04,7384.8,3480.24,4367.64,3576.12,5071.44,7360.32,3386.4,6134.28,5179.56,7849.92
93.0,206.0,1751.0,2323.68,3594.7,4122.06,7457.2,3514.36,4410.46,3611.18,5121.16,7432.48,3419.6,6194.42,5230.34,7926.88
93.5,207.0,1759.5,2334.96,3612.15,4142.07,7493.4,3531.42,4431.87,3628.71,5146.02,7468.56,3436.2,6224.49,5255.73,7965.36
94.0,208.0,1768.0,2346.24,3629.6,4162.08,7529.6,3548.48,4453.28,3646.24,5170.88,7504.64,3452.8,6254.56,5281.12,8003.84
94.5,209.0,1776.5,2357.52,3647.05,4182.09,7565.8,3565.54,4474.69,3663.77,5195.74,7540.72,3469.4,6284.63,5306.51,8042.32
95.0,210.0,1785.0,2368.8,3664.5,4202.1,7602.0,3582.6,4496.1,3681.3,5220.6,7576.8,3486.0,6314.7,5331.9,8080.8
95.5,211.0,1793.5,2380.08,3681.95,4222.11,7638.2,3599.66,4517.51,3698.83,5245.46,7612.88,3502.6,6344.77,5357.29,8119.28
96.0,212.0,1802.0,2391.36,3699.4,4242.12,7674.4,3616.72,4538.92,3716.36,5270.32,7648.96,3519.2,6374.84,5382.68,8157.76
96.5,213.0,1810.5,2402.64,3716.85,4262.13,7710.6,3633.78,4560.33,3733.89,5295.18,7685.04,3535.8,6404.91,5408.07,8196.24
97.0,214.0,1819.0,2413.92,3734.3,4282.14,7746.8,3650.84,4581.74,3751.42,5320.04,7721.12,3552.4,6434.98,5433.46,8234.72
97.5,215.0,1827.5,2425.2,3751.75,4302.15,7783.0,3667.9,4603.15,3768.95,5344.9,7757.2,3569.0,6465.05,5458.85,8273.2
98.0,217.0,1844.5,2447.76,3786.65,4342.17,7855.4,3702.02,4645.97,3804.01,5394.62,7829.36,3602.2,6525.19,5509.63,8350.16
98.5,218.0,1853.0,2459.04,3804.1,4362.18,7891.6,3719.08,4667.38,3821.54,5419.48,7865.44,3618.8,6555.26,5535.02,8388.64
99.0,219.0,1861.5,2470.32,3821.55,4382.19,7927.8,3736.14,4688.79,3839.07,5444.34,7901.52,3635.4,6585.33,5560.41,8427.12
99.5,220.0,1870.0,2481.6,3839.0,4402.2,7964.0,3753.2,4710.2,3856.6,5469.2,7937.6,3652.0,6615.4,5585.8,8465.6
100.0,221.0,1878.5,2492.88,3856.45,4422.21,8000.2,3770.26,4731.61,3874.13,5494.06,7973.68,3668.6,6645.47,5611.19,8504.08
100.5,222.0,1887.0,2504.16,3873.9,4442.22,8036.4,3787.32,4753.02,3891.66,5518.92,8009.76,3685.2,6675.54,5636.58,8542.56
101.0,223.0,1895.5,2515.44,3891.35,4462.23,8072.6,3804.38,4774.43,3909.19,5543.78,8045.84,3701.8,6705.61,5661.97,8581.04
101.5,224.0,1904.0,2526.72,3908.8,4482.24,8108.8,3821.44,4795.84,3926.72,5568.64,8081.92,3718.4,6735.68,5687.36,8619.52
102.0,225.0,1912.5,2538.0,3926.25,4502.25,8145.0,3838.5,4817.25,3944.25,5593.5,8118.0,3735.0,6765.75,5712.75,8658.0
102.5,226.0,1921.0,2549.28,3943.7,4522.26,8181.2,3855.56,4838.66,3961.78,5618.36,8154.08,3751.6,6795.82,5738.14,8696.48
103.0,228.0,1938.0,2571.84,3978.6,4562.28,8253.6,3889.68,4881.48,3996.84,5668.08,8226.24,3784.8,6855.96,5788.92,8773.44
103.5,229.0,1946.5,2583.12,3996.05,4582.29,8289.8,3906.74,4902.89,4014.37,5692.94,8262.32,3801.4,6886.03,5814.31,8811.92
104.0,230.0,1955.0,2594.4,4013.5,4602.3,8326.0,3923.8,4924.3,4031.9,5717.8,8298.4,3818.0,6916.1,5839.7,8850.4
104.5,231.0,1963.5,2605.68,4030.95,4622.31,8362.2,3940.86,4945.71,4049.43,5742.66,8334.48,3834.6,6946.17,5865.09,8888.88
105.0,232.0,1972.0,2616.96,4048.4,4642.32,8398.4,3957.92,4967.12,4066.96,5767.52,8370.56,3851.2,6976.24,5890.48,8927.36
105.5,233.0,1980.5,2628.24,4065.85,4662.33,8434.6,3974.98,4988.53,4084.49,5792.38,8406.64,3867.8,7006.31,5915.87,8965.84
106.0,234.0,1989.0,2639.52,4083.3,4682.34,8470.8,3992.04,5009.94,4102.02,5817.24,8442.72,3884.4,7036.38,5941.26,9004.32
106.5,235.0,1997.5,2650.8,4100.75,4702.35,8507.0,4009.1,5031.35,4119.55,5842.1,8478.8,3901.0,7066.45,5966.65,9042.8
107.0,236.0,2006.0,2662.08,4118.2,4722.36,8543.2,4026.16,5052.76,4137.08,5866.96,8514.88,3917.6,7096.52,5992.04,9081.28
107.5,237.0,2014.5,2673.36,4135.65,4742.37,8579.4,4043.22,5074.17,4154.61,5891.82,8550.96,3934.2,7126.59,6017.43,9119.76
108.0,239.0,2031.5,2695.92,4170.55,4782.39,8651.8,4077.34,5116.99,4189.67,5941.54,8623.12,3967.4,7186.73,6068.21,9196.72
108.5,240.0,2040.0,2707.2,4188.0,4802.4,8688.0,4094.4,5138.4,4207.2,5966.4,8659.2,3984.0,7216.8,6093.6,9235.2
109.0,241.0,2048.5,2718.48,4205.45,4822.41,8724.2,4111.46,5159.81,4224.73,5991.26,8695.28,4000.6,7246.87,6118.99,9273.68
109.5,242.0,2057.0,2729.76,4222.9,4842.42,8760.4,4128.52,5181.22,4242.26,6016.12,8731.36,4017.2,7276.94,6144.38,9312.16
110.0,243.0,2065.5,2741.04,4240.35,4862.43,8796.6,4145.58,5202.63,4259.79,6040.98,8767.44,4033.8,7307.01,6169.77,9350.64
110.5,244.0,2074.0,2752.32,4257.8,4882.44,8832.8,4162.64,5224.04,4277.32,6065.84,8803.52,4050.4,7337.08,6195.16,9389.12
111.0,245.0,2082.5,2763.6,4275.25,4902.45,8869.0,4179.7,5245.45,4294.85,6090.7,8839.6,4067.0,7367.15,6220.55,9427.6
111.5,246.0,2091.0,2774.88,4292.7,4922.46,8905.2,4196.76,5266.86,4312.38,6115.56,8875.68,4083.6,7397.22,6245.94,9466.08
112.0,247.0,2099.5,2786.16,4310.15,4942.47,8941.4,4213.82,5288.27,4329.91,6140.42,8911.76,4100.2,7427.29,6271.33,9504.56
112.5,249.0,2116.5,2808.72,4345.05,4982.49,9013.8,4247.94,5331.09,4364.97,6190.14,8983.92,4133.4,7487.43,6322.11,9581.52
113.0,250.0,2125.0,2820.0,4362.5,5002.5,9050.0,4265.0,5352.5,4382.5,6215.0,9020.0,4150.0,7517.5,6347.5,9620.0
113.5,251.0,2133.5,2831.28,4379.95,5022.51,9086.2,4282.06,5373.91,4400.03,6239.86,9056.08,4166.6,7547.57,6372.89,9658.48
114.0,252.0,2142.0,2842.56,4397.4,5042.52,9122.4,4299.12,5395.32,4417.56,6264.72,9092.16,4183.2,7577.64,6398.28,9696.96
114.5,253.0,2150.5,2853.84,4414.85,5062.53,9158.6,4316.18,5416.73,4435.09,6289.58,9128.24,4199.8,7607.71,6423.67,9735.44
115.0,254.0,2159.0,2865.12,4432.3,5082.54,9194.8,4333.24,5438.14,4452.62,6314.44,9164.32,4216.4,7637.78,6449.06,9773.92
115.5,255.0,2167.5,2876.4,4449.75,5102.55,9231.0,4350.3,5459.55,4470.15,6339.3,9200.4,4233.0,7667.85,6474.45,9812.4
116.0,256.0,2176.0,2887.68,4467.2,5122.56,9267.2,4367.36,5480.96,4487.68,6364.16,9236.48,4249.6,7697.92,6499.84,9850.88
116.5,257.0,2184.5,2898.96,4484.65,5142.57,9303.4,4384.42,5502.37,4505.21,6389.02,9272.56,4266.2,7727.99,6525.23,9889.36
117.0,258.0,2193.0,2910.24,4502.1,5162.58,9339.6,4401.48,5523.78,4522.74,6413.88,9308.64,4282.8,7758.06,6550.62,9927.84
117.5,260.0,2210.0,2932.8,4537.0,5202.6,9412.0,4435.6,5566.6,4557.8,6463.6,9380.8,4316.0,7818.2,6601.4,10004.8
118.0,261.0,2218.5,2944.08,4554.45,5222.61,9448.2,4452.66,5588.01,4575.33,6488.46,9416.88,4332.6,7848.27,6626.79,10043.28
118.5,262.0,2227.0,2955.36,4571.9,5242.62,9484.4,4469.72,5609.42,4592.86,6513.32,9452.96,4349.2,7878.34,6652.18,10081.76
119.0,263.0,2235.5,2966.64,4589.35,5262.63,9520.6,4486.78,5630.83,4610.39,6538.18,9489.04,4365.8,7908.41,6677.57,10120.24
119.5,264.0,2244.0,2977.92,4606.8,5282.64,9556.8,4503.84,5652.24,4627.92,6563.04,9525.12,4382.4,7938.48,6702.96,10158.72
120.0,265.0,2252.5,2989.2,4624.25,5302.65,9593.0,4520.9,5673.65,4645.45,6587.9,9561.2,4399.0,7968.55,6728.35,10197.2
120.5,266.0,2261.0,3000.48,4641.7,5322.66,9629.2,4537.96,5695.06,4662.98,6612.76,9597.28,4415.6,7998.62,6753.74,10235.68
121.0,267.0,2269.5,3011.76,4659.15,5342.67,9665.4,4555.02,5716.47,4680.51,6637.62,9633.36,4432.2,8028.69,6779.13,10274.16
121.5,268.0,2278.0,3023.04,4676.6,5362.68,9701.6,4572.08,5737.88,4698.04,6662.48,9669.44,4448.8,8058.76,6804.52,10312.64
122.0,269.0,2286.5,3034.32,4694.05,5382.69,9737.8,4589.14,5759.29,4715.57,6687.34,9705.52,4465.4,8088.83,6829.91,10351.12
122.5,271.0,2303.5,3056.88,4728.95,5422.71,9810.2,4623.26,5802.11,4750.63,6737.06,9777.68,4498.6,8148.97,6880.69,10428.08
123.0,272.0,2312.0,3068.16,4746.4,5442.72,9846.4,4640.32,5823.52,4768.16,6761.92,9813.76,4515.2,8179.04,6906.08,10466.56
123.5,273.0,2320.5,3079.44,4763.85,5462.73,9882.6,4657.38,5844.93,4785.69,6786.78,9849.84,4531.8,8209.11,6931.47,10505.04
124.0,274.0,2329.0,3090.72,4781.3,5482.74,9918.8,4674.44,5866.34,4803.22,6811.64,9885.92,4548.4,8239.18,6956.86,10543.52
124.5,275.0,2337.5,3102.0,4798.75,5502.75,9955.0,4691.5,5887.75,4820.75,6836.5,9922.0,4565.0,8269.25,6982.25,10582.0
125.0,276.0,2346.0,3113.28,4816.2,5522.76,9991.2,4708.56,5909.16,4838.28,6861.36,9958.08,4581.6,8299.32,7007.64,10620.48
125.5,277.0,2354.5,3124.56,4833.65,5542.77,10027.4,4725.62,5930.57,4855.81,6886.22,9994.16,4598.2,8329.39,7033.03,10658.96
126.0,278.0,2363.0,3135.84,4851.1,5562.78,10063.6,4742.68,5951.98,4873.34,6911.08,10030.24,4614.8,8359.46,7058.42,10697.44
126.5,279.0,2371.5,3147.12,4868.55,5582.79,10099.8,4759.74,5973.39,4890.87,6935.94,10066.32,4631.4,8389.53,7083.81,10735.92
127.0,280.0,2380.0,3158.4,4886.0,5602.8,10136.0,4776.8,5994.8,4908.4,6960.8,10102.4,4648.0,8419.6,7109.2,10774.4
127.5,282.0,2397.0,3180.96,4920.9,5642.82,10208.4,4810.92,6037.62,4943.46,7010.52,10174.56,4681.2,8479.74,7159.98,10851.36
128.0,283.0,2405.5,3192.24,4938.35,5662.83,10244.6,4827.98,6059.03,4960.99,7035.38,10210.64,4697.8,8509.81,7185.37,10889.84
128.5,284.0,2414.0,3203.52,4955.8,5682.84,10280.8,4845.04,6080.44,4978.52,7060.24,10246.72,4714.4,8539.88,7210.76,10928.32
129.0,285.0,2422.5,3214.8,4973.25,5702.85,10317.0,4862.1,6101.85,4996.05,7085.1,10282.8,4731.0,8569.95,7236.15,10966.8
129.5,286.0,2431.0,3226.08,4990.7,5722.86,10353.2,4879.16,6123.26,5013.58,7109.96,10318.88,4747.6,8600.02,7261.54,11005.28
130.0,287.0,2439.5,3237.36,5008.15,5742.87,10389.4,4896.22,6144.67,5031.11,7134.82,10354.96,4764.2,8630.09,7286.93,11043.76
130.5,288.0,2448.0,3248.64,5025.6,5762.88,10425.6,4913.28,6166.08,5048.64,7159.68,10391.04,4780.8,8660.16,7312.32,11082.24
131.0,289.0,2456.5,3259.92,5043.05,5782.89,10461.8,4930.34,6187.49,5066.17,7184.54,10427.12,4797.4,8690.23,7337.71,11120.72
131.5,290.0,2465.0,3271.2,5060.5,5802.9,10498.0,4947.4,6208.9,5083.7,7209.4,10463.2,4814.0,8720.3,7363.1,11159.2
132.0,292.0,2482.0,3293.76,5095.4,5842.92,10570.4,4981.52,6251.72,5118.76,7259.12,10535.36,4847.2,8780.44,7413.88,11236.16
132.5,293.0,2490.5,3305.04,5112.85,5862.93,10606.6,4998.58,6273.13,5136.29,7283.98,10571.44,4863.8,8810.51,7439.27,11274.64
133.0,294.0,2499.0,3316.32,5130.3,5882.94,10642.8,5015.64,6294.54,5153.82,7308.84,10607.52,4880.4,8840.58,7464.66,11313.12
133.5,295.0,2507.5,3327.6,5147.75,5902.95,10679.0,5032.7,6315.95,5171.35,7333.7,10643.6,4897.0,8870.65,7490.05,11351.6
134.0,296.0,2516.0,3338.88,5165.2,5922.96,10715.2,5049.76,6337.36,5188.88,7358.56,10679.68,4913.6,8900.72,7515.44,11390.08
134.5,297.0,2524.5,3350.16,5182.65,5942.97,10751.4,5066.82,6358.77,5206.41,7383.42,10715.76,4930.2,8930.79,7540.83,11428.56
135.0,298.0,2533.0,3361.44,5200.1,5962.98,10787.6,5083.88,6380.18,5223.94,7408.28,10751.84,4946.8,8960.86,7566.22,11467.04
135.5,299.0,2541.5,3372.72,5217.55,5982.99,10823.8,5100.94,6401.59,5241.47,7433.14,10787.92,4963.4,8990.93,7591.61,11505.52
136.0,300.0,2550.0,3384.0,5235.0,6003.0,10860.0,5118.0,6423.0,5259.0,7458.0,10824.0,4980.0,9021.0,7617.0,11544.0
136.5,301.0,2558.5,3395.28,5252.45,6023.01,10896.2,5135.06,6444.41,5276.53,7482.86,10860.08,4996.6,9051.07,7642.39,11582.48
137.0,303.0,2575.5,3417.84,5287.35,6063.03,10968.6,5169.18,6487.23,5311.59,7532.58,10932.24,5029.8,9111.21,7693.17,11659.44
137.5,304.0,2584.0,3429.12,5304.8,6083.04,11004.8,5186.24,6508.64,5329.12,7557.44,10968.32,5046.4,9141.28,7718.56,11697.92
138.0,305.0,2592.5,3440.4,5322.25,6103.05,11041.0,5203.3,6530.05,5346.65,7582.3,11004.4,5063.0,9171.35,7743.95,11736.4
138.5,306.0,2601.0,3451.68,5339.7,6123.06,11077.2,5220.36,6551.46,5364.18,7607.16,11040.48,5079.6,9201.42,7769.34,11774.88
139.0,307.0,2609.5,3462.96,5357.15,6143.07,11113.4,5237.42,6572.87,5381.71,7632.02,11076.56,5096.2,9231.49,7794.73,11813.36
139.5,308.0,2618.0,3474.24,5374.6,6163.08,11149.6,5254.48,6594.28,5399.24,7656.88,11112.64,5112.8,9261.56,7820.12,11851.84
140.0,309.0,2626.5,3485.52,5392.05,6183.09,11185.8,5271.54,6615.69,5416.77,7681.74,11148.72,5129.4,9291.63,7845.51,11890.32
140.5,310.0,2635.0,3496.8,5409.5,6203.1,11222.0,5288.6,6637.1,5434.3,7706.6,11184.8,5146.0,9321.7,7870.9,11928.8
141.0,311.0,2643.5,3508.08,5426.95,6223.11,11258.2,5305.66,6658.51,5451.83,7731.46,11220.88,5162.6,9351.77,7896.29,11967.28
141.5,312.0,2652.0,3519.36,5444.4,6243.12,11294.4,5322.72,6679.92,5469.36,7756.32,11256.96,5179.2,9381.84,7921.68,12005.76
142.0,314.0,2669.0,3541.92,5479.3,6283.14,11366.8,5356.84,6722.74,5504.42,7806.04,11329.12,5212.4,9441.98,7972.46,12082.72
142.5,315.0,2677.5,3553.2,5496.75,6303.15,11403.0,5373.9,6744.15,5521.95,7830.9,11365.2,5229.0,9472.05,7997.85,12121.2
143.0,316.0,2686.0,3564.48,5514.2,6323.16,11439.2,5390.96,6765.56,5539.48,7855.76,11401.28,5245.6,9502.12,8023.24,12159.68
143.5,317.0,2694.5,3575.76,5531.65,6343.17,11475.4,5408.02,6786.97,5557.01,7880.62,11437.36,5262.2,9532.19,8048.63,12198.16
144.0,318.0,2703.0,3587.04,5549.1,6363.18,11511.6,5425.08,6808.38,5574.54,7905.48,11473.44,5278.8,9562.26,8074.02,12236.64
144.5,319.0,2711.5,3598.32,5566.55,6383.19,11547.8,5442.14,6829.79,5592.07,7930.34,11509.52,5295.4,9592.33,8099.41,12275.12
145.0,320.0,2720.0,3609.6,5584.0,6403.2,11584.0,5459.2,6851.2,5609.6,7955.2,11545.6,5312.0,9622.4,8124.8,12313.6
145.5,321.0,2728.5,3620.88,5601.45,6423.21,11620.2,5476.26,6872.61,5627.13,7980.06,11581.68,5328.6,9652.47,8150.19,12352.08
146.0,322.0,2737.0,3632.16,5618.9,6443.22,11656.4,5493.32,6894.02,5644.66,8004.92,11617.76,5345.2,9682.54,8175.58,12390.56
146.5,323.0,2745.5,3643.44,5636.35,6463.23,11692.6,5510.38,6915.43,5662.19,8029.78,11653.84,5361.8,9712.61,8200.97,12429.04
147.0,325.0,2762.5,3666.0,5671.25,6503.25,11765.0,5544.5,6958.25,5697.25,8079.5,11726.0,5395.0,9772.75,8251.75,12506.0
147.5,326.0,2771.0,3677.28,5688.7,6523.26,11801.2,5561.56,6979.66,5714.78,8104.36,11762.08,5411.6,9802.82,8277.14,12544.48
148.0,327.0,2779.5,3688.56,5706.15,6543.27,11837.4,5578.62,7001.07,5732.31,8129.22,11798.16,5428.2,9832.89,8302.53,12582.96
148.5,328.0,2788.0,3699.84,5723.6,6563.28,11873.6,5595.68,7022.48,5749.84,8154.08,11834.24,5444.8,9862.96,8327.92,12621.44
149.0,329.0,2796.5,3711.12,5741.05,6583.29,11909.8,5612.74,7043.89,5767.37,8178.94,11870.32,5461.4,9893.03,8353.31,12659.92
149.5,330.0,2805.0,3722.4,5758.5,6603.3,11946.0,5629.8,7065.3,5784.9,8203.8,11906.4,5478.0,9923.1,8378.7,12698.4
150.0,331.0,2823.43,3766.78,5792.5,6689.51,12091.43,5666.72,7182.7,5848.77,8314.72,12048.4,5534.32,10049.16,8559.66,12975.2
150.5,332.0,2831.96,3778.16,5810.0,6709.72,12127.96,5683.84,7204.4,5866.44,8339.84,12084.8,5551.04,10079.52,8585.52,13014.4
151.0,333.0,2840.49,3789.54,5827.5,6729.93,12164.49,5700.96,7226.1,5884.11,8364.96,12121.2,5567.76,10109.88,8611.38,13053.6
151.5,334.0,2849.02,3800.92,5845.0,6750.14,12201.02,5718.08,7247.8,5901.78,8390.08,12157.6,5584.48,10140.24,8637.24,13092.8
152.0,336.0,2866.08,3823.68,5880.0,6790.56,12274.08,5752.32,7291.2,5937.12,8440.32,12230.4,5617.92,10200.96,8688.96,13171.2
152.5,337.0,2874.61,3835.06,5897.5,6810.77,12310.61,5769.44,7312.9,5954.79,8465.44,12266.8,5634.64,10231.32,8714.82,13210.4
153.0,338.0,2883.14,3846.44,5915.0,6830.98,12347.14,5786.56,7334.6,5972.46,8490.56,12303.2,5651.36,10261.68,8740.68,13249.6
153.5,339.0,2891.67,3857.82,5932.5,6851.19,12383.67,5803.68,7356.3,5990.13,8515.68,12339.6,5668.08,10292.04,8766.54,13288.8
154.0,340.0,2900.2,3869.2,5950.0,6871.4,12420.2,5820.8,7378.0,6007.8,8540.8,12376.0,5684.8,10322.4,8792.4,13328.0
154.5,341.0,2908.73,3880.58,5967.5,6891.61,12456.73,5837.92,7399.7,6025.47,8565.92,12412.4,5701.52,10352.76,8818.26,13367.2
155.0,342.0,2917.26,3891.96,5985.0,6911.82,12493.26,5855.04,7421.4,6043.14,8591.04,12448.8,5718.24,10383.12,8844.12,13406.4
155.5,343.0,2925.79,3903.34,6002.5,6932.03,12529.79,5872.16,7443.1,6060.81,8616.16,12485.2,5734.96,10413.48,8869.98,13445.6
156.0,344.0,2934.32,3914.72,6020.0,6952.24,12566.32,5889.28,7464.8,6078.48,8641.28,12521.6,5751.68,10443.84,8895.84,13484.8
156.5,346.0,2951.38,3937.48,6055.0,6992.66,12639.38,5923.52,7508.2,6113.82,8691.52,12594.4,5785.12,10504.56,8947.56,13563.2
157.0,347.0,2959.91,3948.86,6072.5,7012.87,12675.91,5940.64,7529.9,6131.49,8716.64,12630.8,5801.84,10534.92,8973.42,13602.4
157.5,348.0,2968.44,3960.24,6090.0,7033.08,12712.44,5957.76,7551.6,6149.16,8741.76,12667.2,5818.56,10565.28,8999.28,13641.6
158.0,349.0,2976.97,3971.62,6107.5,7053.29,12748.97,5974.88,7573.3,6166.83,8766.88,12703.6,5835.28,10595.64,9025.14,13680.8
158.5,350.0,2985.5,3983.0,6125.0,7073.5,12785.5,5992.0,7595.0,6184.5,8792.0,12740.0,5852.0,10626.0,9051.0,13720.0
159.0,351.0,2994.03,3994.38,6142.5,7093.71,12822.03,6009.12,7616.7,6202.17,8817.12,12776.4,5868.72,10656.36,9076.86,13759.2
159.5,352.0,3002.56,4005.76,6160.0,7113.92,12858.56,6026.24,7638.4,6219.84,8842.24,12812.8,5885.44,10686.72,9102.72,13798.4
160.0,353.0,3011.09,4017.14,6177.5,7134.13,12895.09,6043.36,7660.1,6237.51,8867.36,12849.2,5902.16,10717.08,9128.58,13837.6
160.5,354.0,3019.62,4028.52,6195.0,7154.34,12931.62,6060.48,7681.8,6255.18,8892.48,12885.6,5918.88,10747.44,9154.44,13876.8
161.0,355.0,3028.15,4039.9,6212.5,7174.55,12968.15,6077.6,7703.5,6272.85,8917.6,12922.0,5935.6,10777.8,9180.3,13916.0
161.5,357.0,3045.21,4062.66,6247.5,7214.97,13041.21,6111.84,7746.9,6308.19,8967.84,12994.8,5969.04,10838.52,9232.02,13994.4
162.0,358.0,3053.74,4074.04,6265.0,7235.18,13077.74,6128.96,7768.6,6325.86,8992.96,13031.2,5985.76,10868.88,9257.88,14033.6
162.5,359.0,3062.27,4085.42,6282.5,7255.39,13114.27,6146.08,7790.3,6343.53,9018.08,13067.6,6002.48,10899.24,9283.74,14072.8
163.0,360.0,3070.8,4096.8,6300.0,7275.6,13150.8,6163.2,7812.0,6361.2,9043.2,13104.0,6019.2,10929.6,9309.6,14112.0
163.5,361.0,3079.33,4108.18,6317.5,7295.81,13187.33,6180.32,7833.7,6378.87,9068.32,13140.4,6035.92,10959.96,9335.46,14151.2
164.0,362.0,3087.86,4119.56,6335.0,7316.02,13223.86,6197.44,7855.4,6396.54,9093.44,13176.8,6052.64,10990.32,9361.32,14190.4
164.5,363.0,3096.39,4130.94,6352.5,7336.23,13260.39,6214.56,7877.1,6414.21,9118.56,13213.2,6069.36,11020.68,9387.18,14229.6
165.0,364.0,3104.92,4142.32,6370.0,7356.44,13296.92,6231.68,7898.8,6431.88,9143.68,13249.6,6086.08,11051.04,9413.04,14268.8
165.5,365.0,3113.45,4153.7,6387.5,7376.65,13333.45,6248.8,7920.5,6449.55,9168.8,13286.0,6102.8,11081.4,9438.9,14308.0
166.0,366.0,3121.98,4165.08,6405.0,7396.86,13369.98,6265.92,7942.2,6467.22,9193.92,13322.4,6119.52,11111.76,9464.76,14347.2
166.5,368.0,3139.04,4187.84,6440.0,7437.28,13443.04,6300.16,7985.6,6502.56,9244.16,13395.2,6152.96,11172.48,9516.48,14425.6
167.0,369.0,3147.57,4199.22,6457.5,7457.49,13479.57,6317.28,8007.3,6520.23,9269.28,13431.6,6169.68,11202.84,9542.34,14464.8
167.5,370.0,3156.1,4210.6,6475.0,7477.7,13516.1,6334.4,8029.0,6537.9,9294.4,13468.0,6186.4,11233.2,9568.2,14504.0
168.0,371.0,3164.63,4221.98,6492.5,7497.91,13552.63,6351.52,8050.7,6555.57,9319.52,13504.4,6203.12,11263.56,9594.06,14543.2
168.5,372.0,3173.16,4233.36,6510.0,7518.12,13589.16,6368.64,8072.4,6573.24,9344.64,13540.8,6219.84,11293.92,9619.92,14582.4
169.0,373.0,3181.69,4244.74,6527.5,7538.33,13625.69,6385.76,8094.1,6590.91,9369.76,13577.2,6236.56,11324.28,9645.78,14621.6
169.5,374.0,3190.22,4256.12,6545.0,7558.54,13662.22,6402.88,8115.8,6608.58,9394.88,13613.6,6253.28,11354.64,9671.64,14660.8
170.0,375.0,3198.75,4267.5,6562.5,7578.75,13698.75,6420.0,8137.5,6626.25,9420.0,13650.0,6270.0,11385.0,9697.5,14700.0
170.5,376.0,3207.28,4278.88,6580.0,7598.96,13735.28,6437.12,8159.2,6643.92,9445.12,13686.4,6286.72,11415.36,9723.36,14739.2
171.0,377.0,3215.81,4290.26,6597.5,7619.17,13771.81,6454.24,8180.9,6661.59,9470.24,13722.8,6303.44,11445.72,9749.22,14778.4
171.5,379.0,3232.87,4313.02,6632.5,7659.59,13844.87,6488.48,8224.3,6696.93,9520.48,13795.6,6336.88,11506.44,9800.94,14856.8
172.0,380.0,3241.4,4324.4,6650.0,7679.8,13881.4,6505.6,8246.0,6714.6,9545.6,13832.0,6353.6,11536.8,9826.8,14896.0
172.5,381.0,3249.93,4335.78,6667.5,7700.01,13917.93,6522.72,8267.7,6732.27,9570.72,13868.4,6370.32,11567.16,9852.66,14935.2
173.0,382.0,3258.46,4347.16,6685.0,7720.22,13954.46,6539.84,8289.4,6749.94,9595.84,13904.8,6387.04,11597.52,9878.52,14974.4
173.5,383.0,3266.99,4358.54,6702.5,7740.43,13990.99,6556.96,8311.1,6767.61,9620.96,13941.2,6403.76,11627.88,9904.38,15013.6
174.0,384.0,3275.52,4369.92,6720.0,7760.64,14027.52,6574.08,8332.8,6785.28,9646.08,13977.6,6420.48,11658.24,9930.24,15052.8
174.5,385.0,3284.05,4381.3,6737.5,7780.85,14064.05,6591.2,8354.5,6802.95,9671.2,14014.0,6437.2,11688.6,9956.1,15092.0
175.0,386.0,3292.58,4392.68,6755.0,7801.06,14100.58,6608.32,8376.2,6820.62,9696.32,14050.4,6453.92,11718.96,9981.96,15131.2
175.5,387.0,3301.11,4404.06,6772.5,7821.27,14137.11,6625.44,8397.9,6838.29,9721.44,14086.8,6470.64,11749.32,10007.82,15170.4
176.0,389.0,3318.17,4426.82,6807.5,7861.69,14210.17,6659.68,8441.3,6873.63,9771.68,14159.6,6504.08,11810.04,10059.54,15248.8
176.5,390.0,3326.7,4438.2,6825.0,7881.9,14246.7,6676.8,8463.0,6891.3,9796.8,14196.0,6520.8,11840.4,10085.4,15288.0
177.0,391.0,3335.23,4449.58,6842.5,7902.11,14283.23,6693.92,8484.7,6908.97,9821.92,14232.4,6537.52,11870.76,10111.26,15327.2
177.5,392.0,3343.76,4460.96,6860.0,7922.32,14319.76,6711.04,8506.4,6926.64,9847.04,14268.8,6554.24,11901.12,10137.12,15366.4
178.0,393.0,3352.29,4472.34,6877.5,7942.53,14356.29,6728.16,8528.1,6944.31,9872.16,14305.2,6570.96,11931.48,10162.98,15405.6
178.5,394.0,3360.82,4483.72,6895.0,7962.74,14392.82,6745.28,8549.8,6961.98,9897.28,14341.6,6587.68,11961.84,10188.84,15444.8
179.0,395.0,3369.35,4495.1,6912.5,7982.95,14429.35,6762.4,8571.5,6979.65,9922.4,14378.0,6604.4,11992.2,10214.7,15484.0
179.5,396.0,3377.88,4506.48,6930.0,8003.16,14465.88,6779.52,8593.2,6997.32,9947.52,14414.4,6621.12,12022.56,10240.56,15523.2
180.0,397.0,3386.41,4517.86,6947.5,8023.37,14502.41,6796.64,8614.9,7014.99,9972.64,14450.8,6637.84,12052.92,10266.42,15562.4
180.5,398.0,3394.94,4529.24,6965.0,8043.58,14538.94,6813.76,8636.6,7032.66,9997.76,14487.2,6654.56,12083.28,10292.28,15601.6
181.0,400.0,3412.0,4552.0,7000.0,8084.0,14612.0,6848.0,8680.0,7068.0,10048.0,14560.0,6688.0,12144.0,10344.0,15680.0
181.5,401.0,3420.53,4563.38,7017.5,8104.21,14648.53,6865.12,8701.7,7085.67,10073.12,14596.4,6704.72,12174.36,10369.86,15719.2
182.0,402.0,3429.06,4574.76,7035.0,8124.42,14685.06,6882.24,8723.4,7103.34,10098.24,14632.8,6721.44,12204.72,10395.72,15758.4
182.5,403.0,3437.59,4586.14,7052.5,8144.63,14721.59,6899.36,8745.1,7121.01,10123.36,14669.2,6738.16,12235.08,10421.58,15797.6
183.0,404.0,3446.12,4597.52,7070.0,8164.84,14758.12,6916.48,8766.8,7138.68,10148.48,14705.6,6754.88,12265.44,10447.44,15836.8
183.5,405.0,3454.65,4608.9,7087.5,8185.05,14794.65,6933.6,8788.5,7156.35,10173.6,14742.0,6771.6,12295.8,10473.3,15876.0
184.0,406.0,3463.18,4620.28,7105.0,8205.26,14831.18,6950.72,8810.2,7174.02,10198.72,14778.4,6788.32,12326.16,10499.16,15915.2
184.5,407.0,3471.71,4631.66,7122.5,8225.47,14867.71,6967.84,8831.9,7191.69,10223.84,14814.8,6805.04,12356.52,10525.02,15954.4
185.0,408.0,3480.24,4643.04,7140.0,8245.68,14904.24,6984.96,8853.6,7209.36,10248.96,14851.2,6821.76,12386.88,10550.88,15993.6
185.5,409.0,3488.77,4654.42,7157.5,8265.89,14940.77,7002.08,8875.3,7227.03,10274.08,14887.6,6838.48,12417.24,10576.74,16032.8
186.0,411.0,3505.83,4677.18,7192.5,8306.31,15013.83,7036.32,8918.7,7262.37,10324.32,14960.4,6871.92,12477.96,10628.46,16111.2
186.5,412.0,3514.36,4688.56,7210.0,8326.52,15050.36,7053.44,8940.4,7280.04,10349.44,14996.8,6888.64,12508.32,10654.32,16150.4
187.0,413.0,3522.89,4699.94,7227.5,8346.73,15086.89,7070.56,8962.1,7297.71,10374.56,15033.2,6905.36,12538.68,10680.18,16189.6
187.5,414.0,3531.42,4711.32,7245.0,8366.94,15123.42,7087.68,8983.8,7315.38,10399.68,15069.6,6922.08,12569.04,10706.04,16228.8
188.0,415.0,3539.95,4722.7,7262.5,8387.15,15159.95,7104.8,9005.5,7333.05,10424.8,15106.0,6938.8,12599.4,10731.9,16268.0
188.5,416.0,3548.48,4734.08,7280.0,8407.36,15196.48,7121.92,9027.2,7350.72,10449.92,15142.4,6955.52,12629.76,10757.76,16307.2
189.0,417.0,3557.01,4745.46,7297.5,8427.57,15233.01,7139.04,9048.9,7368.39,10475.04,15178.8,6972.24,12660.12,10783.62,16346.4
189.5,418.0,3565.54,4756.84,7315.0,8447.78,15269.54,7156.16,9070.6,7386.06,10500.16,15215.2,6988.96,12690.48,10809.48,16385.6
190.0,419.0,3574.07,4768.22,7332.5,8467.99,15306.07,7173.28,9092.3,7403.73,10525.28,15251.6,7005.68,12720.84,10835.34,16424.8
190.5,420.0,3582.6,4779.6,7350.0,8488.2,15342.6,7190.4,9114.0,7421.4,10550.4,15288.0,7022.4,12751.2,10861.2,16464.0
191.0,422.0,3599.66,4802.36,7385.0,8528.62,15415.66,7224.64,9157.4,7456.74,10600.64,15360.8,7055.84,12811.92,10912.92,16542.4
191.5,423.0,3608.19,4813.74,7402.5,8548.83,15452.19,7241.76,9179.1,7474.41,10625.76,15397.2,7072.56,12842.28,10938.78,16581.6
192.0,424.0,3616.72,4825.12,7420.0,8569.04,15488.72,7258.88,9200.8,7492.08,10650.88,15433.6,7089.28,12872.64,10964.64,16620.8
192.5,425.0,3625.25,4836.5,7437.5,8589.25,15525.25,7276.0,9222.5,7509.75,10676.0,15470.0,7106.0,12903.0,10990.5,16660.0
193.0,426.0,3633.78,4847.88,7455.0,8609.46,15561.78,7293.12,9244.2,7527.42,10701.12,15506.4,7122.72,12933.36,11016.36,16699.2
193.5,427.0,3642.31,4859.26,7472.5,8629.67,15598.31,7310.24,9265.9,7545.09,10726.24,15542.8,7139.44,12963.72,11042.22,16738.4
194.0,428.0,3650.84,4870.64,7490.0,8649.88,15634.84,7327.36,9287.6,7562.76,10751.36,15579.2,7156.16,12994.08,11068.08,16777.6
194.5,429.0,3659.37,4882.02,7507.5,8670.09,15671.37,7344.48,9309.3,7580.43,10776.48,15615.6,7172.88,13024.44,11093.94,16816.8
195.0,430.0,3667.9,4893.4,7525.0,8690.3,15707.9,7361.6,9331.0,7598.1,10801.6,15652.0,7189.6,13054.8,11119.8,16856.0
195.5,432.0,3684.96,4916.16,7560.0,8730.72,15780.96,7395.84,9374.4,7633.44,10851.84,15724.8,7223.04,13115.52,11171.52,16934.4
196.0,433.0,3693.49,4927.54,7577.5,8750.93,15817.49,7412.96,9396.1,7651.11,10876.96,15761.2,7239.76,13145.88,11197.38,16973.6
196.5,434.0,3702.02,4938.92,7595.0,8771.14,15854.02,7430.08,9417.8,7668.78,10902.08,15797.6,7256.48,13176.24,11223.24,17012.8
197.0,435.0,3710.55,4950.3,7612.5,8791.35,15890.55,7447.2,9439.5,7686.45,10927.2,15834.0,7273.2,13206.6,11249.1,17052.0
197.5,436.0,3719.08,4961.68,7630.0,8811.56,15927.08,7464.32,9461.2,7704.12,10952.32,15870.4,7289.92,13236.96,11274.96,17091.2
198.0,437.0,3727.61,4973.06,7647.5,8831.77,15963.61,7481.44,9482.9,7721.79,10977.44,15906.8,7306.64,13267.32,11300.82,17130.4
198.5,438.0,3736.14,4984.44,7665.0,8851.98,16000.14,7498.56,9504.6,7739.46,11002.56,15943.2,7323.36,13297.68,11326.68,17169.6
199.0,439.0,3744.67,4995.82,7682.5,8872.19,16036.67,7515.68,9526.3,7757.13,11027.68,15979.6,7340.08,13328.04,11352.54,17208.8
199.5,440.0,3753.2,5007.2,7700.0,8892.4,16073.2,7532.8,9548.0,7774.8,11052.8,16016.0,7356.8,13358.4,11378.4,17248.0
200.0,441.0,3761.73,5018.58,7717.5,8912.61,16109.73,7549.92,9569.7,7792.47,11077.92,16052.4,7373.52,13388.76,11404.26,17287.2
