﻿<?xml version="1.0" encoding="utf-8"?>
<BookNames>
  <book code="GEN" abbr="Gen" short="Genesis" long="Genesis" />
  <book code="EXO" abbr="Exo" short="Exodus" long="The Book of Exodus" />
  <book code="LEV" abbr="Lev" short="Leviticus" long="The book of the Priests" />
  <book code="NUM" abbr="Num" short="Numbers" long="Madai" />
  <book code="DEU" abbr="Deu" short="Deuteronomy" long="Deuteronomy" />
  <book code="JOS" abbr="Jos" short="Joshua" long="Joshua's Book" />
  <book code="JDG" abbr="Jdg" short="Judges" long="Justice tellers' book" />
  <book code="RUT" abbr="Rut" short="Ruth" long="Ruth" />
  <book code="1SA" abbr="1Sa" short="1 Samuel" long="First Book of Samuel" />
  <book code="2SA" abbr="2Sa" short="2 Samuel" long="2nd Samuel" />
  <book code="1KI" abbr="1Ki" short="1st Kings" long="First Book of Kings" />
  <book code="2KI" abbr="2Ki" short="2 Kings" long="2nd Kings" />
  <book code="1CH" abbr="1Ch" short="1 Chronicles" long="" />
  <book code="2CH" abbr="2Ch" short="2 Chronicles" long="" />
  <book code="EZR" abbr="Ezr" short="Ezra" long="" />
  <book code="NEH" abbr="Neh" short="Nehemiah" long="Nehemiah" />
  <book code="EST" abbr="Est" short="Esther (Hebrew)" long="The Book of Esther" />
  <book code="JOB" abbr="Job" short="Job" long="" />
  <book code="PSA" abbr="Psa" short="Psalms" long="Psalms" />
  <book code="PRO" abbr="Pro" short="Proverbs" long="The Book of Proverbs" />
  <book code="ECC" abbr="Ecc" short="Ecclesiastes" long="teaching book" />
  <book code="SNG" abbr="Sng" short="Song of Songs" long="" />
  <book code="ISA" abbr="Isa" short="Isaiah" long="" />
  <book code="JER" abbr="Jer" short="Jeremiah" long="" />
  <book code="LAM" abbr="Lam" short="Showing sadness" long="The book of showing sadness" />
  <book code="EZK" abbr="Ezk" short="Ezekiel" long="" />
  <book code="DAN" abbr="Dan" short="Daniel" long="" />
  <book code="HOS" abbr="Hos" short="Hosea" long="" />
  <book code="JOL" abbr="Joel" short="Joel" long="యోవేలు" />
  <book code="AMO" abbr="Amo" short="Amos" long="" />
  <book code="OBA" abbr="Obd" short="Obadiah" long="" />
  <book code="JON" abbr="Jon" short="Jonah" long="Jonah" />
  <book code="MIC" abbr="Mic" short="Micah" long="" />
  <book code="NAM" abbr="Nah" short="Nahum" long="" />
  <book code="HAB" abbr="Hab" short="Habakkuk" long="Habakkuk's book" />
  <book code="ZEP" abbr="Zep" short="Zephaniah" long="" />
  <book code="HAG" abbr="Hag" short="Haggai" long="" />
  <book code="ZEC" abbr="Zec" short="Zechariah" long="" />
  <book code="MAL" abbr="Mal" short="Malachi" long="" />
  <book code="MAT" abbr="Mt" short="Matthew" long="The Good News that Matthew wrote" />
  <book code="MRK" abbr="Mk" short="Mark" long="The Good News that Mark wrote" />
  <book code="LUK" abbr="Lk" short="Luke" long="The Good News that Luke wrote" />
  <book code="JHN" abbr="Jn" short="John" long="The Good News That John Wrote" />
  <book code="ACT" abbr="Act" short="Acts" long="The deeds done by the Holy Spirit through the Apostles" />
  <book code="ROM" abbr="Rom" short="Romans" long="The letter written to the Romans" />
  <book code="1CO" abbr="1Co" short="1 Corinthians" long="The first letter written to the Corinthians" />
  <book code="2CO" abbr="2Co" short="2 Corinthians" long="The second letter written to the Corinthians" />
  <book code="GAL" abbr="Gal" short="Galatians" long="The letter written to the Galatians" />
  <book code="EPH" abbr="Eph" short="Ephesians" long="The letter written to the Ephesians" />
  <book code="PHP" abbr="Php" short="Philippians" long="The letter written to the Philippians" />
  <book code="COL" abbr="Col" short="Colossians" long="The letter written to the Colossians" />
  <book code="1TH" abbr="1Th" short="1 Thessalonians" long="The first letter written to the Thessalonians" />
  <book code="2TH" abbr="2Th" short="2 Thessalonians" long="The second letter written to the Thessalonians" />
  <book code="1TI" abbr="1Ti" short="1 Timothy" long="The first letter written to Timothy" />
  <book code="2TI" abbr="2Ti" short="2 Timothy" long="The second letter written to Timothy" />
  <book code="TIT" abbr="Tit" short="Titus" long="The letter Titus wrote" />
  <book code="PHM" abbr="Phm" short="Philemon" long="The letter written to Philemon" />
  <book code="HEB" abbr="Heb" short="Hebrews" long="The letter written to the Hebrew people" />
  <book code="JAS" abbr="Jam" short="James" long="The letter that James wrote" />
  <book code="1PE" abbr="1Pe" short="1 Peter" long="The first letter that Peter wrote" />
  <book code="2PE" abbr="2Pe" short="2 Peter" long="The second letter that Peter wrote" />
  <book code="1JN" abbr="1Jn" short="1 John" long="The first letter written by John" />
  <book code="2JN" abbr="2Jn" short="2 John" long="The second letter written by John" />
  <book code="3JN" abbr="3Jn" short="3 John" long="The third letter written by John" />
  <book code="JUD" abbr="Jude" short="Jude" long="The letter that Jude wrote" />
  <book code="REV" abbr="Rev" short="Revelation" long="The book of Revelation" />
  <book code="TOB" abbr="" short="" long="" />
  <book code="JDT" abbr="" short="" long="" />
  <book code="ESG" abbr="" short="" long="" />
  <book code="WIS" abbr="" short="" long="" />
  <book code="SIR" abbr="" short="" long="" />
  <book code="BAR" abbr="" short="" long="" />
  <book code="LJE" abbr="" short="" long="" />
  <book code="S3Y" abbr="" short="" long="" />
  <book code="SUS" abbr="" short="" long="" />
  <book code="BEL" abbr="" short="" long="" />
  <book code="1MA" abbr="" short="" long="" />
  <book code="2MA" abbr="" short="" long="" />
  <book code="3MA" abbr="" short="" long="" />
  <book code="4MA" abbr="" short="" long="" />
  <book code="1ES" abbr="" short="" long="" />
  <book code="2ES" abbr="" short="" long="" />
  <book code="MAN" abbr="" short="" long="" />
  <book code="PS2" abbr="" short="" long="" />
  <book code="ODA" abbr="" short="" long="" />
  <book code="PSS" abbr="" short="" long="" />
  <book code="JSA" abbr="" short="" long="" />
  <book code="JDB" abbr="" short="" long="" />
  <book code="TBS" abbr="" short="" long="" />
  <book code="SST" abbr="" short="" long="" />
  <book code="DNT" abbr="" short="" long="" />
  <book code="BLT" abbr="" short="" long="" />
  <book code="XXA" abbr="" short="" long="INTRODUCTION OLD TESTAMENT NEW TESTAMENT" />
  <book code="XXB" abbr="" short="" long="INTRODUCTION OLD TESTAMENT NEW TESTAMENT" />
  <book code="XXC" abbr="" short="" long="Proverbs from the Bible Arranged by Topic" />
  <book code="XXD" abbr="" short="" long="" />
  <book code="XXE" abbr="" short="" long="" />
  <book code="XXF" abbr="" short="" long="" />
  <book code="XXG" abbr="" short="" long="The meaning of new or difficult words" />
  <book code="FRT" abbr="" short="" long="The Holy Word New Testament in the Gondi Language batal baga manta" />
  <book code="BAK" abbr="" short="" long="The way the Jews worshipped" />
  <book code="OTH" abbr="" short="" long="" />
  <book code="3ES" abbr="" short="" long="" />
  <book code="EZA" abbr="" short="" long="" />
  <book code="5EZ" abbr="" short="" long="" />
  <book code="6EZ" abbr="" short="" long="" />
  <book code="INT" abbr="" short="" long="Foreword about the New Testament in the Gondi language" />
  <book code="CNC" abbr="" short="" long="" />
  <book code="GLO" abbr="Glossary" short="Glossary" long="The meaning of new or difficult words" />
  <book code="TDX" abbr="" short="" long="" />
  <book code="NDX" abbr="" short="" long="" />
  <book code="DAG" abbr="" short="" long="" />
  <book code="PS3" abbr="" short="" long="" />
  <book code="2BA" abbr="" short="" long="" />
  <book code="LBA" abbr="" short="" long="" />
  <book code="JUB" abbr="" short="" long="" />
  <book code="ENO" abbr="" short="" long="" />
  <book code="1MQ" abbr="" short="" long="" />
  <book code="2MQ" abbr="" short="" long="" />
  <book code="3MQ" abbr="" short="" long="" />
  <book code="REP" abbr="" short="" long="" />
  <book code="4BA" abbr="" short="" long="" />
  <book code="LAO" abbr="" short="" long="" />
</BookNames>